Train_Env,Test_Env,Pearson_r,RMSE
14BJ,22KM,-0.0013240607444744063,0.38535960152141535
14BJ,23GZ,0.0014935218567696776,0.42135248955881605
14BJ,23KM,0.010448881747470577,0.40119173837858124
15YN,22KM,0.1568902712519585,0.36102477058584626
15YN,23GZ,0.14088683517481862,0.4035759668001063
15YN,23KM,0.03031323437571836,0.40317080053377696
