Source,SNP,Importance_Score
GWAS,chr03:2000,1.0
Hub,chr04:51000,1.0
DAS,chr11:34000,1.0
GWAS,chr01:12000,0.97371286
GWAS,chr05:4000,0.946841
DAS,chr11:22000,0.94516873
Hub,chr01:48000,0.93598586
Hub,chr06:41000,0.92166007
DAS,chr03:26000,0.8991296
DAS,chr01:36000,0.89416283
GWAS,chr09:8000,0.8906139
DAS,chr06:29000,0.8671466
DAS,chr09:20000,0.8528964
DAS,chr04:27000,0.839022
DAS,chr02:37000,0.8370597
DAS,chr07:30000,0.8258735
Hub,chr10:57000,0.80805516
DAS,chr09:32000,0.793209
DAS,chr12:23000,0.78738105
Hub,chr08:55000,0.7842867
DAS,chr03:38000,0.7834678
Hub,chr10:45000,0.78279275
DAS,chr10:21000,0.77695054
Hub,chr07:54000,0.7695186
Hub,chr12:47000,0.76668364
Hub,chr12:59000,0.75286514
DAS,chr04:39000,0.73863775
GWAS,chr12:11000,0.73825884
DAS,chr10:33000,0.7328164
Hub,chr09:56000,0.73121333
GWAS,chr07:6000,0.71241
GWAS,chr04:3000,0.7095319
Hub,chr11:58000,0.7019484
GWAS,chr03:14000,0.69771767
Hub,chr09:44000,0.6782017
GWAS,chr07:18000,0.6756113
GWAS,chr02:13000,0.66283536
GWAS,chr05:16000,0.65775853
DAS,chr02:25000,0.6569089
Hub,chr05:40000,0.6544062
DAS,chr12:35000,0.6541478
Hub,chr08:43000,0.649234
Hub,chr03:50000,0.6317327
GWAS,chr01:0,0.6289011
DAS,chr05:28000,0.6216616
Hub,chr11:46000,0.6176932
Hub,chr05:52000,0.6142453
Hub,chr02:49000,0.60238236
GWAS,chr06:5000,0.59734195
DAS,chr01:24000,0.5814362
GWAS,chr08:7000,0.5812048
GWAS,chr10:9000,0.57175225
GWAS,chr08:19000,0.5483165
Hub,chr06:53000,0.5334475
GWAS,chr11:10000,0.5197794
Hub,chr07:42000,0.5104457
GWAS,chr02:1000,0.5051215
DAS,chr08:31000,0.49507406
GWAS,chr04:15000,0.4371192
GWAS,chr06:17000,0.4047367
